,3TZY_B_136_C_1.pdb,3TZX_B_136_C_1.pdb
3TZY_B_136_C_1.pdb,1.0,0.9978586723768736
3TZX_B_136_C_1.pdb,0.9978586723768736,1.0
