,1Q4Q_J_34_T_2.pdb,1JD5_A_34_B_1.pdb,3D9T_B_34_D_1.pdb
1Q4Q_J_34_T_2.pdb,1.0,0.9074074074074074,0.4074074074074074
1JD5_A_34_B_1.pdb,0.9074074074074074,1.0,0.37962962962962965
3D9T_B_34_D_1.pdb,0.4074074074074074,0.37962962962962965,1.0
