,1JWG_B_37_D_1.pdb,1JPL_A_37_E_1.pdb,3G2W_B_37_D_1.pdb,1LF8_D_37_H_1.pdb,1JPL_A_37_F_2.pdb,3G2V_B_37_D_1.pdb,3G2U_B_37_D_1.pdb,3G2T_B_37_D_1.pdb,3G2S_B_37_D_1.pdb,1JUQ_C_37_G_1.pdb
1JWG_B_37_D_1.pdb,1.0,0.6257668711656442,0.9877300613496932,0.6380368098159509,0.6257668711656442,1.0,1.0,0.9938650306748467,0.9938650306748467,0.6748466257668712
1JPL_A_37_E_1.pdb,0.6257668711656442,1.0,0.6319018404907976,0.950920245398773,1.0,0.6257668711656442,0.6257668711656442,0.6257668711656442,0.6196319018404908,0.9386503067484663
3G2W_B_37_D_1.pdb,0.9877300613496932,0.6319018404907976,1.0,0.6441717791411042,0.6319018404907976,0.9877300613496932,0.9877300613496932,0.9938650306748467,0.9815950920245399,0.6809815950920245
1LF8_D_37_H_1.pdb,0.6380368098159509,0.950920245398773,0.6441717791411042,1.0,0.950920245398773,0.6380368098159509,0.6380368098159509,0.6380368098159509,0.6319018404907976,0.9202453987730062
1JPL_A_37_F_2.pdb,0.6257668711656442,1.0,0.6319018404907976,0.950920245398773,1.0,0.6257668711656442,0.6257668711656442,0.6257668711656442,0.6196319018404908,0.9386503067484663
3G2V_B_37_D_1.pdb,1.0,0.6257668711656442,0.9877300613496932,0.6380368098159509,0.6257668711656442,1.0,1.0,0.9938650306748467,0.9938650306748467,0.6748466257668712
3G2U_B_37_D_1.pdb,1.0,0.6257668711656442,0.9877300613496932,0.6380368098159509,0.6257668711656442,1.0,1.0,0.9938650306748467,0.9938650306748467,0.6748466257668712
3G2T_B_37_D_1.pdb,0.9938650306748467,0.6257668711656442,0.9938650306748467,0.6380368098159509,0.6257668711656442,0.9938650306748467,0.9938650306748467,1.0,0.9877300613496932,0.6748466257668712
3G2S_B_37_D_1.pdb,0.9938650306748467,0.6196319018404908,0.9815950920245399,0.6319018404907976,0.6196319018404908,0.9938650306748467,0.9938650306748467,0.9877300613496932,1.0,0.6687116564417178
1JUQ_C_37_G_1.pdb,0.6748466257668712,0.9386503067484663,0.6809815950920245,0.9202453987730062,0.9386503067484663,0.6748466257668712,0.6748466257668712,0.6748466257668712,0.6687116564417178,1.0
