,4AA2_A_143_P_1.pdb,4APH_A_143_P_1.pdb
4AA2_A_143_P_1.pdb,1.0,0.43333333333333335
4APH_A_143_P_1.pdb,0.43333333333333335,1.0
