,4ZJ7_A_139_B_1.pdb,3W3W_A_139_B_1.pdb
4ZJ7_A_139_B_1.pdb,1.0,0.9563058589870904
3W3W_A_139_B_1.pdb,0.9563058589870904,1.0
