,2YLE_A_103_B_1.pdb,3R7G_A_103_B_1.pdb
2YLE_A_103_B_1.pdb,1.0,0.8786127167630058
3R7G_A_103_B_1.pdb,0.8786127167630058,1.0
