,4FYS_A_148_C_1.pdb,4NAQ_A_148_B_2.pdb,4FYS_A_148_C_2.pdb,4HOM_A_148_B_2.pdb,4OU3_A_148_B_1.pdb,5AB0_C_148_F_3.pdb
4FYS_A_148_C_1.pdb,1.0,0.7139807897545357,1.0,0.7161152614727855,0.7161152614727855,0.3137673425827108
4NAQ_A_148_B_2.pdb,0.7139807897545357,1.0,0.7139807897545357,0.9978655282817502,0.9978655282817502,0.304162219850587
4FYS_A_148_C_2.pdb,1.0,0.7139807897545357,1.0,0.7161152614727855,0.7161152614727855,0.3137673425827108
4HOM_A_148_B_2.pdb,0.7161152614727855,0.9978655282817502,0.7161152614727855,1.0,1.0,0.3052294557097118
4OU3_A_148_B_1.pdb,0.7161152614727855,0.9978655282817502,0.7161152614727855,1.0,1.0,0.3052294557097118
5AB0_C_148_F_3.pdb,0.3137673425827108,0.304162219850587,0.3137673425827108,0.3052294557097118,0.3052294557097118,1.0
