,1H26_B_28_E_1.pdb,1H24_B_28_E_1.pdb,1H25_B_28_E_1.pdb,1H27_B_28_E_1.pdb,2CCH_B_28_E_1.pdb
1H26_B_28_E_1.pdb,1.0,1.0,1.0,1.0,0.9923076923076923
1H24_B_28_E_1.pdb,1.0,1.0,1.0,1.0,0.9923076923076923
1H25_B_28_E_1.pdb,1.0,1.0,1.0,1.0,0.9923076923076923
1H27_B_28_E_1.pdb,1.0,1.0,1.0,1.0,0.9923076923076923
2CCH_B_28_E_1.pdb,0.9923076923076923,0.9923076923076923,0.9923076923076923,0.9923076923076923,1.0
