,4ODP_A_179_B_1.pdb,4ODQ_A_179_B_2.pdb
4ODP_A_179_B_1.pdb,1.0,0.9433962264150944
4ODQ_A_179_B_2.pdb,0.9433962264150944,1.0
