,1JWY_AB_39_C_1.pdb,2AKA_AB_39_L_1.pdb
1JWY_AB_39_C_1.pdb,1.0,0.9607843137254902
2AKA_AB_39_L_1.pdb,0.9607843137254902,1.0
