,2WAY_A_97_B_1.pdb,5ANR_B_97_C_1.pdb
2WAY_A_97_B_1.pdb,1.0,0.3902439024390244
5ANR_B_97_C_1.pdb,0.3902439024390244,1.0
