,2XPX_A_98_B_1.pdb,2WH6_A_98_B_1.pdb
2XPX_A_98_B_1.pdb,1.0,0.9681528662420382
2WH6_A_98_B_1.pdb,0.9681528662420382,1.0
