,1EHK_AB_21_C_1.pdb,1XME_AB_21_C_1.pdb,4G7S_AB_21_C_1.pdb
1EHK_AB_21_C_1.pdb,1.0,0.9748653500897666,0.9766606822262118
1XME_AB_21_C_1.pdb,0.9748653500897666,1.0,0.9910233393177738
4G7S_AB_21_C_1.pdb,0.9766606822262118,0.9910233393177738,1.0
