,3T6R_B_131_D_1.pdb,3SHB_A_131_B_1.pdb
3T6R_B_131_D_1.pdb,1.0,0.9705882352941176
3SHB_A_131_B_1.pdb,0.9705882352941176,1.0
