,4HDQ_A_137_C_1.pdb,3U7D_C_137_D_1.pdb
4HDQ_A_137_C_1.pdb,1.0,0.9743589743589743
3U7D_C_137_D_1.pdb,0.9743589743589743,1.0
