,4MS8_AD_32_B_1.pdb,3TJH_AD_32_B_2.pdb,1J8H_ABE_32_C_1.pdb
4MS8_AD_32_B_1.pdb,1.0,0.9917355371900827,0.7396694214876033
3TJH_AD_32_B_2.pdb,0.9917355371900827,1.0,0.743801652892562
1J8H_ABE_32_C_1.pdb,0.7396694214876033,0.743801652892562,1.0
