,1YK0_AB_36_E_1.pdb,1JDP_AB_36_H_1.pdb
1YK0_AB_36_E_1.pdb,1.0,0.9949494949494949
1JDP_AB_36_H_1.pdb,0.9949494949494949,1.0
