,1G0V_A_7_B_2.pdb,1DP5_A_7_B_2.pdb,1TZS_A_7_P_1.pdb,3URL_A_7_B_2.pdb,1AVF_J_7_Q_1.pdb,1TZS_A_7_X_3.pdb,1HTR_B_7_P_1.pdb
1G0V_A_7_B_2.pdb,1.0,0.9973404255319149,0.47606382978723405,0.31648936170212766,0.44680851063829785,0.47606382978723405,0.43351063829787234
1DP5_A_7_B_2.pdb,0.9973404255319149,1.0,0.47606382978723405,0.31382978723404253,0.44680851063829785,0.47606382978723405,0.43351063829787234
1TZS_A_7_P_1.pdb,0.47606382978723405,0.47606382978723405,1.0,0.30319148936170215,0.5425531914893617,1.0,0.5186170212765957
3URL_A_7_B_2.pdb,0.31648936170212766,0.31382978723404253,0.30319148936170215,1.0,0.2978723404255319,0.30319148936170215,0.27925531914893614
1AVF_J_7_Q_1.pdb,0.44680851063829785,0.44680851063829785,0.5425531914893617,0.2978723404255319,1.0,0.5425531914893617,0.9095744680851063
1TZS_A_7_X_3.pdb,0.47606382978723405,0.47606382978723405,1.0,0.30319148936170215,0.5425531914893617,1.0,0.5186170212765957
1HTR_B_7_P_1.pdb,0.43351063829787234,0.43351063829787234,0.5186170212765957,0.27925531914893614,0.9095744680851063,0.5186170212765957,1.0
