,3AP2_AB_177_T_1.pdb,3AP1_AB_177_S_2.pdb
3AP2_AB_177_T_1.pdb,1.0,0.9933333333333333
3AP1_AB_177_S_2.pdb,0.9933333333333333,1.0
