,3SOV_A_132_Z_1.pdb,3SOQ_A_132_Z_1.pdb
3SOV_A_132_Z_1.pdb,1.0,0.9967320261437909
3SOQ_A_132_Z_1.pdb,0.9967320261437909,1.0
