,1I31_A_30_P_1.pdb,4IKN_A_30_B_1.pdb
1I31_A_30_P_1.pdb,1.0,0.24528301886792453
4IKN_A_30_B_1.pdb,0.24528301886792453,1.0
