,4JML_A_86_E_1.pdb,2IVZ_A_86_E_1.pdb
4JML_A_86_E_1.pdb,1.0,0.9923857868020305
2IVZ_A_86_E_1.pdb,0.9923857868020305,1.0
