,2QYF_A_95_E_1.pdb,3ABD_B_95_Y_1.pdb,4EXT_C_95_B_1.pdb
2QYF_A_95_E_1.pdb,1.0,0.24423963133640553,0.19815668202764977
3ABD_B_95_Y_1.pdb,0.24423963133640553,1.0,0.8894009216589862
4EXT_C_95_B_1.pdb,0.19815668202764977,0.8894009216589862,1.0
