,4V0W_C_92_D_1.pdb,4MOY_A_92_B_1.pdb,2P6B_AC_92_E_1.pdb,4F0Z_A_92_C_1.pdb,4MP0_C_92_D_1.pdb,4V0X_A_92_B_1.pdb,4V0V_C_92_D_1.pdb
4V0W_C_92_D_1.pdb,1.0,0.9673024523160763,0.3133514986376022,0.31607629427792916,0.9618528610354223,0.9918256130790191,0.997275204359673
4MOY_A_92_B_1.pdb,0.9673024523160763,1.0,0.3024523160762943,0.30517711171662126,0.9918256130790191,0.9700272479564033,0.9645776566757494
2P6B_AC_92_E_1.pdb,0.3133514986376022,0.3024523160762943,1.0,0.9509536784741145,0.30517711171662126,0.30517711171662126,0.3106267029972752
4F0Z_A_92_C_1.pdb,0.31607629427792916,0.30517711171662126,0.9509536784741145,1.0,0.3079019073569482,0.3079019073569482,0.3133514986376022
4MP0_C_92_D_1.pdb,0.9618528610354223,0.9918256130790191,0.30517711171662126,0.3079019073569482,1.0,0.9645776566757494,0.9591280653950953
4V0X_A_92_B_1.pdb,0.9918256130790191,0.9700272479564033,0.30517711171662126,0.3079019073569482,0.9645776566757494,1.0,0.989100817438692
4V0V_C_92_D_1.pdb,0.997275204359673,0.9645776566757494,0.3106267029972752,0.3133514986376022,0.9591280653950953,0.989100817438692,1.0
