,2FTS_A_81_P_1.pdb,4PD1_A_81_C_1.pdb
2FTS_A_81_P_1.pdb,1.0,0.964200477326969
4PD1_A_81_C_1.pdb,0.964200477326969,1.0
