,4KBB_B_89_D_1.pdb,2NM1_A_89_B_1.pdb
4KBB_B_89_D_1.pdb,1.0,0.9535962877030162
2NM1_A_89_B_1.pdb,0.9535962877030162,1.0
