,3ZRJ_B_141_Y_1.pdb,3ZRJ_A_141_X_1.pdb
3ZRJ_B_141_Y_1.pdb,1.0,0.9696969696969697
3ZRJ_A_141_X_1.pdb,0.9696969696969697,1.0
