,3B1J_A_109_C_1.pdb,3QV1_F_109_I_1.pdb,3B1J_B_109_D_1.pdb,3ZDF_A_109_D_1.pdb
3B1J_A_109_C_1.pdb,1.0,0.6715542521994134,1.0,0.7067448680351907
3QV1_F_109_I_1.pdb,0.6715542521994134,1.0,0.6715542521994134,0.6451612903225806
3B1J_B_109_D_1.pdb,1.0,0.6715542521994134,1.0,0.7067448680351907
3ZDF_A_109_D_1.pdb,0.7067448680351907,0.6451612903225806,0.7067448680351907,1.0
