,3EMW_A_87_B_1.pdb,2JK9_A_87_B_1.pdb
3EMW_A_87_B_1.pdb,1.0,0.5120772946859904
2JK9_A_87_B_1.pdb,0.5120772946859904,1.0
