,4X3P_A_83_C_1.pdb,2H59_AB_83_E_2.pdb,4R8M_B_83_D_1.pdb,2H59_AB_83_D_1.pdb,2H2F_A_83_B_1.pdb,4F56_B_83_D_1.pdb
4X3P_A_83_C_1.pdb,1.0,0.3333333333333333,0.9606060606060606,0.3333333333333333,0.3212121212121212,0.18181818181818182
2H59_AB_83_E_2.pdb,0.3333333333333333,1.0,0.35454545454545455,1.0,0.9515151515151515,0.3575757575757576
4R8M_B_83_D_1.pdb,0.9606060606060606,0.35454545454545455,1.0,0.35454545454545455,0.3575757575757576,0.20909090909090908
2H59_AB_83_D_1.pdb,0.3333333333333333,1.0,0.35454545454545455,1.0,0.9515151515151515,0.3575757575757576
2H2F_A_83_B_1.pdb,0.3212121212121212,0.9515151515151515,0.3575757575757576,0.9515151515151515,1.0,0.36363636363636365
4F56_B_83_D_1.pdb,0.18181818181818182,0.3575757575757576,0.20909090909090908,0.3575757575757576,0.36363636363636365,1.0
