,1JDH_A_35_B_1.pdb,1QZ7_A_35_B_1.pdb
1JDH_A_35_B_1.pdb,1.0,0.9415094339622642
1QZ7_A_35_B_1.pdb,0.9415094339622642,1.0
