,2B1N_A_176_B_1.pdb,1MHW_A_176_C_2.pdb
2B1N_A_176_B_1.pdb,1.0,0.33905579399141633
1MHW_A_176_C_2.pdb,0.33905579399141633,1.0
