,3TDI_B_134_C_1.pdb,3TDI_A_134_D_1.pdb
3TDI_B_134_C_1.pdb,1.0,0.9900990099009901
3TDI_A_134_D_1.pdb,0.9900990099009901,1.0
