,2IV9_AB_175_P_1.pdb,2G30_A_175_P_2.pdb
2IV9_AB_175_P_1.pdb,1.0,0.9830508474576272
2G30_A_175_P_2.pdb,0.9830508474576272,1.0
