,4B7E_A_85_B_1.pdb,2ILM_A_85_S_1.pdb,3P3N_A_85_B_1.pdb,4B7K_A_85_B_1.pdb,2Y0I_A_85_S_1.pdb,2XUM_A_85_S_1.pdb,3D8C_A_85_B_1.pdb
4B7E_A_85_B_1.pdb,1.0,0.9742120343839542,0.9770773638968482,0.9684813753581661,0.9713467048710601,0.997134670487106,0.9742120343839542
2ILM_A_85_S_1.pdb,0.9742120343839542,1.0,0.9914040114613181,0.9828080229226361,0.9856733524355301,0.9713467048710601,0.9914040114613181
3P3N_A_85_B_1.pdb,0.9770773638968482,0.9914040114613181,1.0,0.9914040114613181,0.994269340974212,0.9742120343839542,0.997134670487106
4B7K_A_85_B_1.pdb,0.9684813753581661,0.9828080229226361,0.9914040114613181,1.0,0.997134670487106,0.9656160458452722,0.9885386819484241
2Y0I_A_85_S_1.pdb,0.9713467048710601,0.9856733524355301,0.994269340974212,0.997134670487106,1.0,0.9684813753581661,0.9914040114613181
2XUM_A_85_S_1.pdb,0.997134670487106,0.9713467048710601,0.9742120343839542,0.9656160458452722,0.9684813753581661,1.0,0.9713467048710601
3D8C_A_85_B_1.pdb,0.9742120343839542,0.9914040114613181,0.997134670487106,0.9885386819484241,0.9914040114613181,0.9713467048710601,1.0
