,4LEB_A_101_B_1.pdb,2Y7L_A_101_B_1.pdb
4LEB_A_101_B_1.pdb,1.0,0.6549520766773163
2Y7L_A_101_B_1.pdb,0.6549520766773163,1.0
