,3WOR_B_140_D_1.pdb,3WOQ_A_140_C_1.pdb,3WOO_A_140_C_1.pdb
3WOR_B_140_D_1.pdb,1.0,1.0,0.9971305595408895
3WOQ_A_140_C_1.pdb,1.0,1.0,0.9971305595408895
3WOO_A_140_C_1.pdb,0.9971305595408895,0.9971305595408895,1.0
