,3N2D_A_182_B_1.pdb,2JDL_A_182_C_2.pdb
3N2D_A_182_B_1.pdb,1.0,0.6356275303643725
2JDL_A_182_C_2.pdb,0.6356275303643725,1.0
