,1I51_AB_31_E_1.pdb,1I4O_A_31_C_1.pdb,2QL9_AD_31_G_2.pdb
1I51_AB_31_E_1.pdb,1.0,0.5872340425531914,0.9914893617021276
1I4O_A_31_C_1.pdb,0.5872340425531914,1.0,0.5957446808510638
2QL9_AD_31_G_2.pdb,0.9914893617021276,0.5957446808510638,1.0
