,3S6P_AB_130_E_1.pdb,3S6P_BC_130_F_1.pdb
3S6P_AB_130_E_1.pdb,1.0,0.9246323529411765
3S6P_BC_130_F_1.pdb,0.9246323529411765,1.0
