,4BXF_A_145_C_1.pdb,4CCO_B_145_D_1.pdb,4Y3O_B_145_D_1.pdb,4CCN_B_145_D_1.pdb,4BXF_B_145_D_1.pdb
4BXF_A_145_C_1.pdb,1.0,0.29583333333333334,0.28958333333333336,0.29375,0.9604166666666667
4CCO_B_145_D_1.pdb,0.29583333333333334,1.0,0.9895833333333334,0.99375,0.29791666666666666
4Y3O_B_145_D_1.pdb,0.28958333333333336,0.9895833333333334,1.0,0.9875,0.2916666666666667
4CCN_B_145_D_1.pdb,0.29375,0.99375,0.9875,1.0,0.29583333333333334
4BXF_B_145_D_1.pdb,0.9604166666666667,0.29791666666666666,0.2916666666666667,0.29583333333333334,1.0
