,3ZZY_B_142_D_1.pdb,3ZZZ_B_142_D_1.pdb
3ZZY_B_142_D_1.pdb,1.0,0.9904761904761905
3ZZZ_B_142_D_1.pdb,0.9904761904761905,1.0
