,4GUU_A_149_B_2.pdb,4HSU_A_149_C_1.pdb,4GUS_A_149_C_1.pdb
4GUU_A_149_B_2.pdb,1.0,0.9933155080213903,0.9866310160427807
4HSU_A_149_C_1.pdb,0.9933155080213903,1.0,0.9879679144385026
4GUS_A_149_C_1.pdb,0.9866310160427807,0.9879679144385026,1.0
