,4BJT_B_171_E_1.pdb,3OWT_AB_171_C_2.pdb
4BJT_B_171_E_1.pdb,1.0,0.9736842105263158
3OWT_AB_171_C_2.pdb,0.9736842105263158,1.0
