,3SJ9_A_99_B_1.pdb,2WV4_A_99_C_1.pdb
3SJ9_A_99_B_1.pdb,1.0,0.18226600985221675
2WV4_A_99_C_1.pdb,0.18226600985221675,1.0
