,4C5G_A_146_B_1.pdb,4C5E_AF_146_H_2.pdb,4C5E_AE_146_H_1.pdb,4C5E_A_146_H_1.pdb,4C5E_AG_146_H_3.pdb
4C5G_A_146_B_1.pdb,1.0,0.9842342342342343,0.9842342342342343,0.9842342342342343,0.9842342342342343
4C5E_AF_146_H_2.pdb,0.9842342342342343,1.0,1.0,1.0,1.0
4C5E_AE_146_H_1.pdb,0.9842342342342343,1.0,1.0,1.0,1.0
4C5E_A_146_H_1.pdb,0.9842342342342343,1.0,1.0,1.0,1.0
4C5E_AG_146_H_3.pdb,0.9842342342342343,1.0,1.0,1.0,1.0
