,2OBH_AD_82_C_1.pdb,2GGM_B_82_D_1.pdb
2OBH_AD_82_C_1.pdb,1.0,0.9444444444444444
2GGM_B_82_D_1.pdb,0.9444444444444444,1.0
