,4YIZ_E_102_F_1.pdb,3SRI_A_102_B_1.pdb,3SRJ_B_102_E_1.pdb,2Y8T_D_102_E_1.pdb,3ZWZ_A_102_B_1.pdb,3SRJ_BE_102_F_1.pdb,4Z09_A_102_C_1.pdb,4Z0D_A_102_C_1.pdb
4YIZ_E_102_F_1.pdb,1.0,0.3557483731019523,0.3405639913232104,0.7483731019522777,0.36225596529284165,0.3405639913232104,0.34490238611713664,0.351409978308026
3SRI_A_102_B_1.pdb,0.3557483731019523,1.0,0.93058568329718,0.3383947939262473,0.9154013015184381,0.93058568329718,0.928416485900217,0.93058568329718
3SRJ_B_102_E_1.pdb,0.3405639913232104,0.93058568329718,1.0,0.32537960954446854,0.9457700650759219,1.0,0.8850325379609545,0.8915401301518439
2Y8T_D_102_E_1.pdb,0.7483731019522777,0.3383947939262473,0.32537960954446854,1.0,0.3470715835140998,0.32537960954446854,0.3297180043383948,0.3362255965292842
3ZWZ_A_102_B_1.pdb,0.36225596529284165,0.9154013015184381,0.9457700650759219,0.3470715835140998,1.0,0.9457700650759219,0.8915401301518439,0.8937093275488069
3SRJ_BE_102_F_1.pdb,0.3405639913232104,0.93058568329718,1.0,0.32537960954446854,0.9457700650759219,1.0,0.8850325379609545,0.8915401301518439
4Z09_A_102_C_1.pdb,0.34490238611713664,0.928416485900217,0.8850325379609545,0.3297180043383948,0.8915401301518439,0.8850325379609545,1.0,0.9761388286334056
4Z0D_A_102_C_1.pdb,0.351409978308026,0.93058568329718,0.8915401301518439,0.3362255965292842,0.8937093275488069,0.8915401301518439,0.9761388286334056,1.0
