,4NU8_X_133_A_1.pdb,3TBH_A_133_B_1.pdb
4NU8_X_133_A_1.pdb,1.0,0.4553846153846154
3TBH_A_133_B_1.pdb,0.4553846153846154,1.0
