,4ZIG_A_144_B_1.pdb,4BD6_A_144_C_1.pdb,4ZII_A_144_C_1.pdb
4ZIG_A_144_B_1.pdb,1.0,0.9477124183006536,0.9738562091503268
4BD6_A_144_C_1.pdb,0.9477124183006536,1.0,0.9673202614379085
4ZII_A_144_C_1.pdb,0.9738562091503268,0.9673202614379085,1.0
