,2QIY_B_174_D_1.pdb,1GYB_AB_174_E_2.pdb
2QIY_B_174_D_1.pdb,1.0,0.2318840579710145
1GYB_AB_174_E_2.pdb,0.2318840579710145,1.0
